{
  "class": "trash",
  "confidence": 99.68026876449585,
  "timestamp": "2025-11-19 14:05:47",
  "all_predictions": {
    "cardboard": 0.0403138721594587,
    "glass": 3.9961307152225345e-05,
    "metal": 0.04739126015920192,
    "paper": 0.20006594713777304,
    "plastic": 0.03192035073880106,
    "trash": 99.68026876449585
  },
  "is_auto_scan": false
}