{
  "class": "trash",
  "confidence": 89.27310705184937,
  "timestamp": "2025-11-18 19:18:09",
  "all_predictions": {
    "cardboard": 0.01023130607791245,
    "glass": 0.11421529343351722,
    "metal": 2.079889178276062,
    "paper": 0.07188418530859053,
    "plastic": 8.450671285390854,
    "trash": 89.27310705184937
  }
}