{
  "class": "glass",
  "confidence": 82.75259137153625,
  "timestamp": "2025-11-16 14:35:35",
  "all_predictions": {
    "cardboard": 0.0035318269510753453,
    "glass": 82.75259137153625,
    "metal": 0.13177841901779175,
    "paper": 0.32328434754163027,
    "plastic": 16.46646112203598,
    "trash": 0.3223521402105689
  }
}